[
  {
    "ID" : 999,
    "name": "Bob",
    "carID" : 234251,
    "houseID" : 2389457,
    "floor" : 3,
    "Config" : {
      "Air Temp" : 25,
      "Coffee" : true,
      "Song" : "Thousand Years"
    }
  },
  {
    "ID" : 999,
    "name": "Alice",
    "carID" : 26341,
    "houseID" : 6247357,
    "floor" : 4,
    "Config" : {
      "Air Temp" : 22,
      "Coffee" : false,
      "Song" : "Alone"
    }
  },
  {
    "ID" : 106
  },
  {
    "ID" : 888
  },
  {
    "ID" : 100888,
    "info" : "person",
    "person" : "Bob"
  },
  {
    "ID" : 100888,
    "info" : "alert",
    "ResItem" : "Cylinder"
  },
  {
    "ID" : 0
  },
  {
    "ID" : 1106
  },
  {
    "ID" : 2106
  },
  {
    "ID" : 2106
  },
  {
    "ID" : 2106
  },
  {
    "ID" : 2106
  },
  {
    "ID" : 2106
  },
  {
    "ID" : 2106
  },
  {
    "ID" : 3106
  },
  {
    "ID" : 4888
  },
  {
    "ID" : 4106
  },
  {
    "ID" : 100888,
    "info" : "person",
    "person" : "Alice"
  }
]